job,lane,benchmark,requests,output_cap,method,kind,candidate,tokens_per_second,native_ratio,ci_low,ci_high,progress_per_cycle,progress_ratio,exact_native_sequences,mean_output_tokens,artifact
29135,lane0,gsm8k,2,64,drop1,drop_layers,"{""kind"": ""drop_layers"", ""layers"": [1]}",82.94532234521614,0.672298937838375,0.6284238483911293,0.7122738436994126,3.119047619047619,0.605858170606372,2,64.0,reports/native-compute-20260908/run-29135/lane0
29135,lane0,gsm8k,2,64,drop2,drop_layers,"{""kind"": ""drop_layers"", ""layers"": [2]}",93.74616042561067,0.7598432593733714,0.6607778024184457,0.8639640807232272,3.5675675675675675,0.6929807505347074,2,64.0,reports/native-compute-20260908/run-29135/lane0
29135,lane0,gsm8k,2,64,drop3,drop_layers,"{""kind"": ""drop_layers"", ""layers"": [3]}",93.79392472762869,0.7602304046469729,0.6968939870991776,0.8201479595970574,3.5135135135135136,0.6824810421932724,2,64.0,reports/native-compute-20260908/run-29135/lane0
29135,lane0,gsm8k,2,64,drop4,drop_layers,"{""kind"": ""drop_layers"", ""layers"": [4]}",73.165447729091,0.5930298587545847,0.5517753867769951,0.6309508178584955,2.8333333333333335,0.5503597122302158,2,64.0,reports/native-compute-20260908/run-29135/lane0
29135,lane0,gsm8k,2,64,duplicate,duplicate,"{""kind"": ""duplicate""}",121.94228807033873,0.9883820862864868,0.9696366810622795,1.003984358104845,5.148148148148148,1.0,2,64.0,reports/native-compute-20260908/run-29135/lane0
29135,lane0,gsm8k,2,64,native,native,"{""kind"": ""native""}",123.37565579369802,1.0,1.0,1.0,5.148148148148148,1.0,2,64.0,reports/native-compute-20260908/run-29135/lane0
29135,lane1,gsm8k,2,64,duplicate,duplicate,"{""kind"": ""duplicate""}",122.31901403459752,0.9906706268793252,0.9708751497830247,1.0071635206332732,5.148148148148148,1.0,2,64.0,reports/native-compute-20260908/run-29135/lane1
29135,lane1,gsm8k,2,64,native,native,"{""kind"": ""native""}",123.47092031981417,1.0,1.0,1.0,5.148148148148148,1.0,2,64.0,reports/native-compute-20260908/run-29135/lane1
29135,lane1,gsm8k,2,64,zero0,zero_mlp,"{""kind"": ""zero_mlp"", ""layers"": [0]}",64.2157555474501,0.5200880934645872,0.4329732629521935,0.6203296613935398,2.3703703703703702,0.46043165467625896,2,64.0,reports/native-compute-20260908/run-29135/lane1
29135,lane1,gsm8k,2,64,zero1,zero_mlp,"{""kind"": ""zero_mlp"", ""layers"": [1]}",100.12970689429302,0.8109578079999503,0.6853897595332277,0.9508705303993015,3.8823529411764706,0.7541261108760051,2,64.0,reports/native-compute-20260908/run-29135/lane1
29135,lane1,gsm8k,2,64,zero2,zero_mlp,"{""kind"": ""zero_mlp"", ""layers"": [2]}",94.62019857702757,0.7663358978125577,0.6488215079861502,0.8967875796415599,3.8333333333333335,0.7446043165467626,2,64.0,reports/native-compute-20260908/run-29135/lane1
29135,lane1,gsm8k,2,64,zero3,zero_mlp,"{""kind"": ""zero_mlp"", ""layers"": [3]}",97.32199067957391,0.7882179093465138,0.7206199164332063,0.8524401930909726,3.8285714285714287,0.7436793422404934,2,64.0,reports/native-compute-20260908/run-29135/lane1
29135,lane1,gsm8k,2,64,zero4,zero_mlp,"{""kind"": ""zero_mlp"", ""layers"": [4]}",103.68078437681537,0.8397182438444742,0.822469904427498,0.854103987249114,4.090909090909091,0.7946370176586004,2,64.0,reports/native-compute-20260908/run-29135/lane1
29135,lane2,gsm8k,2,64,duplicate,duplicate,"{""kind"": ""duplicate""}",123.54310669459039,0.9971364756821419,0.9953553599867717,0.9985826737518786,5.148148148148148,1.0,2,64.0,reports/native-compute-20260908/run-29135/lane2
29135,lane2,gsm8k,2,64,linear3_r256,linear_mlp,"{""kind"": ""linear_mlp"", ""layers"": [3], ""rank"": 256}",106.06291363093236,0.8560509989438222,0.765691476056456,0.9464463043392233,4.25,0.8255395683453238,2,64.0,reports/native-compute-20260908/run-29135/lane2
29135,lane2,gsm8k,2,64,linear3_r64,linear_mlp,"{""kind"": ""linear_mlp"", ""layers"": [3], ""rank"": 64}",103.20024525562845,0.8329459376322771,0.7677887258378411,0.8943744389056539,4.212121212121212,0.8181818181818182,2,64.0,reports/native-compute-20260908/run-29135/lane2
29135,lane2,gsm8k,2,64,linear4_r256,linear_mlp,"{""kind"": ""linear_mlp"", ""layers"": [4], ""rank"": 256}",100.9319557236515,0.8146382044834455,0.8088621861624972,0.8218898719036298,4.0,0.7769784172661871,2,64.0,reports/native-compute-20260908/run-29135/lane2
29135,lane2,gsm8k,2,64,linear4_r64,linear_mlp,"{""kind"": ""linear_mlp"", ""layers"": [4], ""rank"": 64}",101.00319116956356,0.8152131573349712,0.730374891445798,0.8998040636722698,4.029411764705882,0.7826914938637326,2,64.0,reports/native-compute-20260908/run-29135/lane2
29135,lane2,gsm8k,2,64,native,native,"{""kind"": ""native""}",123.89789131931458,1.0,1.0,1.0,5.148148148148148,1.0,2,64.0,reports/native-compute-20260908/run-29135/lane2
29135,lane3,gsm8k,2,64,duplicate,duplicate,"{""kind"": ""duplicate""}",121.65007970851576,0.9898563595788901,0.9640181856156245,1.0114721409849938,5.148148148148148,1.0,2,64.0,reports/native-compute-20260908/run-29135/lane3
29135,lane3,gsm8k,2,64,native,native,"{""kind"": ""native""}",122.89669963859077,1.0,1.0,1.0,5.148148148148148,1.0,2,64.0,reports/native-compute-20260908/run-29135/lane3
29135,lane3,gsm8k,2,64,window128,window,"{""kind"": ""window"", ""window"": 128}",119.5333785370487,0.9726329420445563,0.925960368985658,1.0133590705393416,4.964285714285714,0.9642857142857143,2,64.0,reports/native-compute-20260908/run-29135/lane3
29135,lane3,gsm8k,2,64,window256,window,"{""kind"": ""window"", ""window"": 256}",123.8897842036666,1.0080806447040176,0.9996373316530591,1.014915680775627,5.148148148148148,1.0,2,64.0,reports/native-compute-20260908/run-29135/lane3
29135,lane3,gsm8k,2,64,window64,window,"{""kind"": ""window"", ""window"": 64}",79.32100270204084,0.6454282575146816,0.46056757312692165,0.9492020359027948,3.0,0.5827338129496403,2,64.0,reports/native-compute-20260908/run-29135/lane3
29137,lane0,gsm8k,8,512,duplicate,duplicate,"{""kind"": ""duplicate""}",162.46172612146944,1.0005639259095158,1.0000878754196174,1.0010193012100694,6.014319809069212,1.0,8,314.5,reports/native-compute-20260908/run-29137/lane0
29137,lane0,gsm8k,8,512,linear1_r1024,linear_mlp,"{""kind"": ""linear_mlp"", ""layers"": [1], ""rank"": 1024}",140.04768226231513,0.862521051106773,0.8011618695998568,0.9175618326823923,5.172131147540983,0.8599694249284413,8,314.5,reports/native-compute-20260908/run-29137/lane0
29137,lane0,gsm8k,8,512,linear1_r256,linear_mlp,"{""kind"": ""linear_mlp"", ""layers"": [1], ""rank"": 256}",140.3279550876292,0.8642471861486494,0.8120368532236389,0.9179106930728178,5.174537987679671,0.8603696098562629,8,314.5,reports/native-compute-20260908/run-29137/lane0
29137,lane0,gsm8k,8,512,linear2_r1024,linear_mlp,"{""kind"": ""linear_mlp"", ""layers"": [2], ""rank"": 1024}",137.4163576192502,0.8463153355941911,0.8153310713914877,0.8784295880376084,5.0602409638554215,0.8413654618473896,8,314.5,reports/native-compute-20260908/run-29137/lane0
29137,lane0,gsm8k,8,512,linear2_r256,linear_mlp,"{""kind"": ""linear_mlp"", ""layers"": [2], ""rank"": 256}",135.4729076934187,0.8343460802254244,0.7954052785623932,0.8666609061757286,4.994059405940594,0.8303614647179004,8,314.5,reports/native-compute-20260908/run-29137/lane0
29137,lane0,gsm8k,8,512,native,native,"{""kind"": ""native""}",162.37016138053468,1.0,1.0,1.0,6.014319809069212,1.0,8,314.5,reports/native-compute-20260908/run-29137/lane0
29137,lane1,gsm8k,8,512,duplicate,duplicate,"{""kind"": ""duplicate""}",162.59338540804285,1.000127319290021,0.9998209360550414,1.0004567147669425,6.014319809069212,1.0,8,314.5,reports/native-compute-20260908/run-29137/lane1
29137,lane1,gsm8k,8,512,linear3_r1024,linear_mlp,"{""kind"": ""linear_mlp"", ""layers"": [3], ""rank"": 1024}",140.54289210936787,0.8644926457362254,0.8185568851622778,0.9035882396220877,5.170081967213115,0.8596287080405933,8,314.5,reports/native-compute-20260908/run-29137/lane1
29137,lane1,gsm8k,8,512,linear3_r256,linear_mlp,"{""kind"": ""linear_mlp"", ""layers"": [3], ""rank"": 256}",140.16499061200088,0.8621681378199358,0.8159732132021386,0.9035370432424533,5.159509202453988,0.8578707761223099,8,314.5,reports/native-compute-20260908/run-29137/lane1
29137,lane1,gsm8k,8,512,linear4_r1024,linear_mlp,"{""kind"": ""linear_mlp"", ""layers"": [4], ""rank"": 1024}",124.7590063721898,0.7674044690512529,0.7099059160646849,0.8222059429441217,4.535135135135135,0.7540561990561991,8,314.5,reports/native-compute-20260908/run-29137/lane1
29137,lane1,gsm8k,8,512,linear4_r256,linear_mlp,"{""kind"": ""linear_mlp"", ""layers"": [4], ""rank"": 256}",124.33828054130508,0.7648165446019106,0.714502145559924,0.8090241070216865,4.518850987432675,0.7513486364024964,8,314.5,reports/native-compute-20260908/run-29137/lane1
29137,lane1,gsm8k,8,512,native,native,"{""kind"": ""native""}",162.57268676898659,1.0,1.0,1.0,6.014319809069212,1.0,8,314.5,reports/native-compute-20260908/run-29137/lane1
29137,lane2,gsm8k,8,512,duplicate,duplicate,"{""kind"": ""duplicate""}",162.45406643932319,0.9994695226432909,0.9971892285202191,1.0009265023472445,6.014319809069212,1.0,8,314.5,reports/native-compute-20260908/run-29137/lane2
29137,lane2,gsm8k,8,512,native,native,"{""kind"": ""native""}",162.54029038292424,1.0,1.0,1.0,6.014319809069212,1.0,8,314.5,reports/native-compute-20260908/run-29137/lane2
29137,lane2,gsm8k,8,512,window128,window,"{""kind"": ""window"", ""window"": 128}",142.63366538655131,0.8775280581234631,0.833268610973753,0.9159270900974142,5.298319327731092,0.8809507136187809,8,314.5,reports/native-compute-20260908/run-29137/lane2
29137,lane2,gsm8k,8,512,window256,window,"{""kind"": ""window"", ""window"": 256}",157.08770701487705,0.9664539582450505,0.9356685777827113,0.9938294450428361,5.824480369515012,0.9684354265185675,8,314.5,reports/native-compute-20260908/run-29137/lane2
29137,lane2,gsm8k,8,512,window512,window,"{""kind"": ""window"", ""window"": 512}",162.6073940275182,1.0004128431445267,0.9999725494946875,1.0010162665992288,6.014319809069212,1.0,8,314.5,reports/native-compute-20260908/run-29137/lane2
29137,lane3,math500,8,512,duplicate,duplicate,"{""kind"": ""duplicate""}",193.52679563217535,1.0001811706481356,0.9993568262074283,1.0013174361310837,7.226694915254237,1.0,8,424.5,reports/native-compute-20260908/run-29137/lane3
29137,lane3,math500,8,512,native,native,"{""kind"": ""native""}",193.4917406081205,1.0,1.0,1.0,7.226694915254237,1.0,8,424.5,reports/native-compute-20260908/run-29137/lane3
29137,lane3,math500,8,512,window128,window,"{""kind"": ""window"", ""window"": 128}",157.32790282342467,0.8130988037471916,0.732702886967349,0.9132166806894376,5.906412478336222,0.8173048049764575,8,424.5,reports/native-compute-20260908/run-29137/lane3
29137,lane3,math500,8,512,window256,window,"{""kind"": ""window"", ""window"": 256}",179.49867231972314,0.9276813147454311,0.8501995643633267,0.998526333771002,6.725838264299803,0.9306935387714768,8,424.5,reports/native-compute-20260908/run-29137/lane3
29137,lane3,math500,8,512,window512,window,"{""kind"": ""window"", ""window"": 512}",193.42687079014914,0.9996647411524261,0.9986492950398198,1.0010349867404955,7.2224576271186445,0.9994136616827911,8,424.5,reports/native-compute-20260908/run-29137/lane3
29140,lane0,gsm8k,8,512,duplicate,duplicate,"{""kind"": ""duplicate""}",162.56710473132884,0.9998132236990829,0.9995427136693401,1.0000456645860454,6.014319809069212,1.0,8,314.5,reports/native-compute-20260908/run-29140/lane0
29140,lane0,gsm8k,8,512,keep50_r0,pruned_mlp,"{""fraction"": 0.5, ""kind"": ""pruned_mlp"", ""layers"": [0, 1, 2, 3, 4], ""rank"": 0}",134.85297356054926,0.8293669647608409,0.7872310725407656,0.8688628379888375,4.92578125,0.8190088665674604,8,314.5,reports/native-compute-20260908/run-29140/lane0
29140,lane0,gsm8k,8,512,keep50_r64,pruned_mlp,"{""fraction"": 0.5, ""kind"": ""pruned_mlp"", ""layers"": [0, 1, 2, 3, 4], ""rank"": 64}",140.89328090155095,0.8665158034802175,0.8226932396007942,0.9064708843332776,5.180698151950718,0.861393859391806,8,314.5,reports/native-compute-20260908/run-29140/lane0
29140,lane0,gsm8k,8,512,keep75_r0,pruned_mlp,"{""fraction"": 0.75, ""kind"": ""pruned_mlp"", ""layers"": [0, 1, 2, 3, 4], ""rank"": 0}",147.84554092733055,0.9092732944243828,0.8636964714369549,0.9491034711584758,5.423655913978495,0.9017904079194402,8,314.5,reports/native-compute-20260908/run-29140/lane0
29140,lane0,gsm8k,8,512,keep75_r64,pruned_mlp,"{""fraction"": 0.75, ""kind"": ""pruned_mlp"", ""layers"": [0, 1, 2, 3, 4], ""rank"": 64}",149.20268565520536,0.9176199476273492,0.8773595836105551,0.9518046570363943,5.502183406113537,0.9148471615720525,8,314.5,reports/native-compute-20260908/run-29140/lane0
29140,lane0,gsm8k,8,512,native,native,"{""kind"": ""native""}",162.5974740860771,1.0,1.0,1.0,6.014319809069212,1.0,8,314.5,reports/native-compute-20260908/run-29140/lane0
29140,lane1,gsm8k,8,512,duplicate,duplicate,"{""kind"": ""duplicate""}",162.34950827901415,1.0001188488121577,0.9999646342774732,1.0002452065870655,6.014319809069212,1.0,8,314.5,reports/native-compute-20260908/run-29140/lane1
29140,lane1,gsm8k,8,512,keep50_r0,pruned_mlp,"{""fraction"": 0.5, ""kind"": ""pruned_mlp"", ""layers"": [3, 4], ""rank"": 0}",141.26027416255616,0.8702032071174891,0.8472317476305687,0.8858114713693209,5.17864476386037,0.8610524428799584,8,314.5,reports/native-compute-20260908/run-29140/lane1
29140,lane1,gsm8k,8,512,keep50_r64,pruned_mlp,"{""fraction"": 0.5, ""kind"": ""pruned_mlp"", ""layers"": [3, 4], ""rank"": 64}",150.1193471599987,0.9247776002380281,0.8859423239947138,0.9573143237079674,5.518599562363239,0.9175766732659513,8,314.5,reports/native-compute-20260908/run-29140/lane1
29140,lane1,gsm8k,8,512,keep75_r0,pruned_mlp,"{""fraction"": 0.75, ""kind"": ""pruned_mlp"", ""layers"": [3, 4], ""rank"": 0}",153.64357656346343,0.9464878492637635,0.9143642870578861,0.973965276477417,5.65695067264574,0.9405802904121291,8,314.5,reports/native-compute-20260908/run-29140/lane1
29140,lane1,gsm8k,8,512,keep75_r64,pruned_mlp,"{""fraction"": 0.75, ""kind"": ""pruned_mlp"", ""layers"": [3, 4], ""rank"": 64}",155.08540831893683,0.9553699403199719,0.92292864738126,0.9796396590119544,5.714285714285714,0.9501133786848074,8,314.5,reports/native-compute-20260908/run-29140/lane1
29140,lane1,gsm8k,8,512,native,native,"{""kind"": ""native""}",162.3302155257216,1.0,1.0,1.0,6.014319809069212,1.0,8,314.5,reports/native-compute-20260908/run-29140/lane1
29140,lane2,gsm8k,8,512,duplicate,duplicate,"{""kind"": ""duplicate""}",162.5050691064468,0.9998955484986162,0.9997409654302576,1.0000778537210042,6.014319809069212,1.0,8,314.5,reports/native-compute-20260908/run-29140/lane2
29140,lane2,gsm8k,8,512,keep75_r0,pruned_mlp,"{""fraction"": 0.75, ""kind"": ""pruned_mlp"", ""layers"": [0, 1, 2, 3, 4], ""rank"": 0}",147.70304549445333,0.9088185279491291,0.8634376479304808,0.9482579037560416,5.423655913978495,0.9017904079194402,8,314.5,reports/native-compute-20260908/run-29140/lane2
29140,lane2,gsm8k,8,512,keep75_r256,pruned_mlp,"{""fraction"": 0.75, ""kind"": ""pruned_mlp"", ""layers"": [0, 1, 2, 3, 4], ""rank"": 256}",149.4239923852411,0.91940753384761,0.8773847832651333,0.9542775542391131,5.514223194748359,0.9168490153172868,8,314.5,reports/native-compute-20260908/run-29140/lane2
29140,lane2,gsm8k,8,512,keep90_r0,pruned_mlp,"{""fraction"": 0.9, ""kind"": ""pruned_mlp"", ""layers"": [0, 1, 2, 3, 4], ""rank"": 0}",154.337992295174,0.9496434314862614,0.9049600141103773,0.997981720606875,5.878787878787879,0.9774651274651276,8,314.5,reports/native-compute-20260908/run-29140/lane2
29140,lane2,gsm8k,8,512,keep90_r256,pruned_mlp,"{""fraction"": 0.9, ""kind"": ""pruned_mlp"", ""layers"": [0, 1, 2, 3, 4], ""rank"": 256}",152.87182589190115,0.9406220928409392,0.9039258514984009,0.9694035879773577,5.833333333333333,0.9699074074074074,8,314.5,reports/native-compute-20260908/run-29140/lane2
29140,lane2,gsm8k,8,512,native,native,"{""kind"": ""native""}",162.52204477803184,1.0,1.0,1.0,6.014319809069212,1.0,8,314.5,reports/native-compute-20260908/run-29140/lane2
29140,lane3,gsm8k,8,512,duplicate,duplicate,"{""kind"": ""duplicate""}",162.72970155170933,1.0000098893401312,0.9997736576820849,1.000185975309676,6.014319809069212,1.0,8,314.5,reports/native-compute-20260908/run-29140/lane3
29140,lane3,gsm8k,8,512,keep75_r0,pruned_mlp,"{""fraction"": 0.75, ""kind"": ""pruned_mlp"", ""layers"": [0, 1, 2], ""rank"": 0}",160.27816771650816,0.9849446734890834,0.9528719204875618,1.0080509204188925,5.901639344262295,0.981264637002342,8,314.5,reports/native-compute-20260908/run-29140/lane3
29140,lane3,gsm8k,8,512,keep75_r64,pruned_mlp,"{""fraction"": 0.75, ""kind"": ""pruned_mlp"", ""layers"": [0, 1, 2], ""rank"": 64}",157.0938100457105,0.9653760936193423,0.9271411386014906,0.9952577850701468,5.806451612903226,0.9654377880184333,8,314.5,reports/native-compute-20260908/run-29140/lane3
29140,lane3,gsm8k,8,512,keep90_r0,pruned_mlp,"{""fraction"": 0.9, ""kind"": ""pruned_mlp"", ""layers"": [0, 1, 2], ""rank"": 0}",161.15252051099057,0.9903177641597914,0.9585238974083096,1.020633909250687,6.052884615384615,1.0064121642246642,8,314.5,reports/native-compute-20260908/run-29140/lane3
29140,lane3,gsm8k,8,512,keep90_r64,pruned_mlp,"{""fraction"": 0.9, ""kind"": ""pruned_mlp"", ""layers"": [0, 1, 2], ""rank"": 64}",157.9406984858139,0.9705804097779516,0.944171660357034,0.9966474711477111,5.938679245283019,0.9874232554657084,8,314.5,reports/native-compute-20260908/run-29140/lane3
29140,lane3,gsm8k,8,512,native,native,"{""kind"": ""native""}",162.72809227825587,1.0,1.0,1.0,6.014319809069212,1.0,8,314.5,reports/native-compute-20260908/run-29140/lane3
29142,lane0,gsm8k,8,512,duplicate,duplicate,"{""kind"": ""duplicate""}",162.3304658266556,0.9996750393396644,0.9988779411043648,1.0004658424766095,6.014319809069212,1.0,8,314.5,reports/native-compute-20260908/run-29142/lane0
29142,lane0,gsm8k,8,512,native,native,"{""kind"": ""native""}",162.38323398960028,1.0,1.0,1.0,6.014319809069212,1.0,8,314.5,reports/native-compute-20260908/run-29142/lane0
29142,lane0,gsm8k,8,512,shared_exact,shared_context,"{""kind"": ""shared_context"", ""rank"": 0}",161.8015603756275,0.9964178961110601,0.9866834160348659,1.0015125954805104,5.985748218527316,0.9952494061757721,8,314.5,reports/native-compute-20260908/run-29142/lane0
29142,lane0,gsm8k,8,512,shared_r256,shared_context,"{""kind"": ""shared_context"", ""rank"": 256}",78.5634390358843,0.4838149672577394,0.43780548234850325,0.5237701760902853,2.8844393592677346,0.47959527441792893,8,314.5,reports/native-compute-20260908/run-29142/lane0
29142,lane0,gsm8k,8,512,shared_r512,shared_context,"{""kind"": ""shared_context"", ""rank"": 512}",115.62135990082837,0.7120276955946896,0.6474346099903715,0.7664681358726275,4.260135135135135,0.7083319927069928,8,314.5,reports/native-compute-20260908/run-29142/lane0
29142,lane1,gsm8k,8,512,duplicate,duplicate,"{""kind"": ""duplicate""}",162.43051999212796,1.000445052359482,0.9999723698947263,1.0010182684510625,6.014319809069212,1.0,8,314.5,reports/native-compute-20260908/run-29142/lane1
29142,lane1,gsm8k,8,512,native,native,"{""kind"": ""native""}",162.35826206451475,1.0,1.0,1.0,6.014319809069212,1.0,8,314.5,reports/native-compute-20260908/run-29142/lane1
29142,lane1,gsm8k,8,512,shared_exact,shared_context,"{""kind"": ""shared_context"", ""rank"": 0}",161.83508232950794,0.9967776217338487,0.9868035894953116,1.001945435156637,5.985748218527316,0.9952494061757721,8,314.5,reports/native-compute-20260908/run-29142/lane1
29142,lane1,gsm8k,8,512,shared_r1024,shared_context,"{""kind"": ""shared_context"", ""rank"": 1024}",149.86409249868467,0.9230456805403264,0.8796711264766334,0.964114226782067,5.538461538461538,0.9208791208791209,8,314.5,reports/native-compute-20260908/run-29142/lane1
29142,lane1,gsm8k,8,512,shared_r2048,shared_context,"{""kind"": ""shared_context"", ""rank"": 2048}",163.25956750158835,1.0055513370592466,0.9864412018331854,1.019539656171515,6.040767386091127,1.0043974344334057,8,314.5,reports/native-compute-20260908/run-29142/lane1
29142,lane2,math500,8,512,duplicate,duplicate,"{""kind"": ""duplicate""}",192.46215887256673,1.0001187882309055,0.9990460308303035,1.0013332355998776,7.226694915254237,1.0,8,424.5,reports/native-compute-20260908/run-29142/lane2
29142,lane2,math500,8,512,native,native,"{""kind"": ""native""}",192.43929934864042,1.0,1.0,1.0,7.226694915254237,1.0,8,424.5,reports/native-compute-20260908/run-29142/lane2
29142,lane2,math500,8,512,shared_exact,shared_context,"{""kind"": ""shared_context"", ""rank"": 0}",193.89680096067846,1.007573825185247,0.9988129969535537,1.0136165495440796,7.259574468085106,1.0045497358358753,8,424.5,reports/native-compute-20260908/run-29142/lane2
29142,lane2,math500,8,512,shared_r256,shared_context,"{""kind"": ""shared_context"", ""rank"": 256}",91.95707758558284,0.4778497837855099,0.41253276324027804,0.5565511460657259,3.428284854563691,0.4743918063189863,8,424.5,reports/native-compute-20260908/run-29142/lane2
29142,lane2,math500,8,512,shared_r512,shared_context,"{""kind"": ""shared_context"", ""rank"": 512}",151.23608714995675,0.7858898242814935,0.7451012697363036,0.8384512326885528,5.663907284768212,0.7837479444182339,8,424.5,reports/native-compute-20260908/run-29142/lane2
29142,lane3,math500,8,512,duplicate,duplicate,"{""kind"": ""duplicate""}",193.69684594609248,1.0002421356364917,0.9997478313830128,1.0011438757094422,7.226694915254237,1.0,8,424.5,reports/native-compute-20260908/run-29142/lane3
29142,lane3,math500,8,512,native,native,"{""kind"": ""native""}",193.64995639064523,1.0,1.0,1.0,7.226694915254237,1.0,8,424.5,reports/native-compute-20260908/run-29142/lane3
29142,lane3,math500,8,512,shared_exact,shared_context,"{""kind"": ""shared_context"", ""rank"": 0}",194.68092349959306,1.005323869564257,0.9963259488017536,1.011339831225442,7.259574468085106,1.0045497358358753,8,424.5,reports/native-compute-20260908/run-29142/lane3
29142,lane3,math500,8,512,shared_r1024,shared_context,"{""kind"": ""shared_context"", ""rank"": 1024}",185.11823080717983,0.9559425380594738,0.9433852556162843,0.9669580829908088,6.898785425101215,0.9546252479178462,8,424.5,reports/native-compute-20260908/run-29142/lane3
29142,lane3,math500,8,512,shared_r2048,shared_context,"{""kind"": ""shared_context"", ""rank"": 2048}",192.51024382502854,0.994114573600432,0.9831626394090774,1.0052585076924554,7.1957894736842105,0.9957234334737459,8,424.5,reports/native-compute-20260908/run-29142/lane3
29143,lane0,gsm8k,8,512,duplicate,duplicate,"{""kind"": ""duplicate""}",161.35230510864866,1.0011186135320227,0.9978630544713616,1.0044990889673469,6.014319809069212,1.0,8,314.5,reports/native-compute-20260908/run-29143/lane0
29143,lane0,gsm8k,8,512,fold_keep75_r0,folded_mlp,"{""fraction"": 0.75, ""kind"": ""folded_mlp"", ""layers"": [0, 1, 2], ""rank"": 0}",158.31915784895432,0.9822992965274161,0.9462341115822362,1.01080654565406,5.9063231850117095,0.9820434184602803,8,314.5,reports/native-compute-20260908/run-29143/lane0
29143,lane0,gsm8k,8,512,fold_keep75_r256,folded_mlp,"{""fraction"": 0.75, ""kind"": ""folded_mlp"", ""layers"": [0, 1, 2], ""rank"": 256}",157.20862740710976,0.9754089537121963,0.9384560393472865,1.0081157921369266,5.865116279069768,0.9751919527500924,8,314.5,reports/native-compute-20260908/run-29143/lane0
29143,lane0,gsm8k,8,512,fold_keep75_r64,folded_mlp,"{""fraction"": 0.75, ""kind"": ""folded_mlp"", ""layers"": [0, 1, 2], ""rank"": 64}",154.75940592368408,0.96021263399387,0.9204313239849686,0.9957092807398448,5.784403669724771,0.961771880005825,8,314.5,reports/native-compute-20260908/run-29143/lane0
29143,lane0,gsm8k,8,512,fold_keep90_r256,folded_mlp,"{""fraction"": 0.9, ""kind"": ""folded_mlp"", ""layers"": [0, 1, 2], ""rank"": 256}",157.8761355572836,0.9795505421039665,0.9607740941769366,0.9939814345673555,5.88785046728972,0.9789719626168225,8,314.5,reports/native-compute-20260908/run-29143/lane0
29143,lane0,gsm8k,8,512,native,native,"{""kind"": ""native""}",161.17201591066762,1.0,1.0,1.0,6.014319809069212,1.0,8,314.5,reports/native-compute-20260908/run-29143/lane0
29143,lane1,gsm8k,8,512,duplicate,duplicate,"{""kind"": ""duplicate""}",162.6771005765635,1.0002944165386936,0.9997416191722022,1.0009674799024697,6.014319809069212,1.0,8,314.5,reports/native-compute-20260908/run-29143/lane1
29143,lane1,gsm8k,8,512,fold_keep75_r0,folded_mlp,"{""fraction"": 0.75, ""kind"": ""folded_mlp"", ""layers"": [0, 1, 2, 3, 4], ""rank"": 0}",154.07220874570308,0.9473833109016834,0.8944197665089815,0.9944536968258544,5.654708520179372,0.9402074880774433,8,314.5,reports/native-compute-20260908/run-29143/lane1
29143,lane1,gsm8k,8,512,fold_keep75_r256,folded_mlp,"{""fraction"": 0.75, ""kind"": ""folded_mlp"", ""layers"": [0, 1, 2, 3, 4], ""rank"": 256}",158.36756080216205,0.9737952438898897,0.9121312098775013,1.0284016386460078,5.819861431870669,0.9676674364896074,8,314.5,reports/native-compute-20260908/run-29143/lane1
29143,lane1,gsm8k,8,512,fold_keep75_r64,folded_mlp,"{""fraction"": 0.75, ""kind"": ""folded_mlp"", ""layers"": [0, 1, 2, 3, 4], ""rank"": 64}",157.3561893722713,0.9675763649525292,0.909779675665344,1.014955677910404,5.784403669724771,0.961771880005825,8,314.5,reports/native-compute-20260908/run-29143/lane1
29143,lane1,gsm8k,8,512,fold_keep90_r256,folded_mlp,"{""fraction"": 0.9, ""kind"": ""folded_mlp"", ""layers"": [0, 1, 2, 3, 4], ""rank"": 256}",158.93044452102586,0.9772563913970953,0.9468940820700121,1.004415742512446,5.846867749419953,0.9721577726218097,8,314.5,reports/native-compute-20260908/run-29143/lane1
29143,lane1,gsm8k,8,512,native,native,"{""kind"": ""native""}",162.62921984456642,1.0,1.0,1.0,6.014319809069212,1.0,8,314.5,reports/native-compute-20260908/run-29143/lane1
29143,lane2,gsm8k,8,512,duplicate,duplicate,"{""kind"": ""duplicate""}",162.4559469422743,0.9995870464552288,0.9984115357758176,1.0002664450131036,6.014319809069212,1.0,8,314.5,reports/native-compute-20260908/run-29143/lane2
29143,lane2,gsm8k,8,512,fold_keep75_r0,folded_mlp,"{""fraction"": 0.75, ""kind"": ""folded_mlp"", ""layers"": [3, 4], ""rank"": 0}",159.95999253653537,0.9842295065222276,0.950446331014861,1.0118003550728853,5.881118881118881,0.9778527028527029,8,314.5,reports/native-compute-20260908/run-29143/lane2
29143,lane2,gsm8k,8,512,fold_keep75_r256,folded_mlp,"{""fraction"": 0.75, ""kind"": ""folded_mlp"", ""layers"": [3, 4], ""rank"": 256}",162.30462157304316,0.9986559455523037,0.9650122130714889,1.0247698339555538,5.957446808510638,0.9905437352245863,8,314.5,reports/native-compute-20260908/run-29143/lane2
29143,lane2,gsm8k,8,512,fold_keep75_r64,folded_mlp,"{""fraction"": 0.75, ""kind"": ""folded_mlp"", ""layers"": [3, 4], ""rank"": 64}",161.0779338183506,0.9911081689844713,0.9597380142633203,1.0159257777415442,5.915492957746479,0.983568075117371,8,314.5,reports/native-compute-20260908/run-29143/lane2
29143,lane2,gsm8k,8,512,fold_keep90_r256,folded_mlp,"{""fraction"": 0.9, ""kind"": ""folded_mlp"", ""layers"": [3, 4], ""rank"": 256}",158.8254494478951,0.9772486935917346,0.9630084928900464,0.9925163994084948,5.846867749419953,0.9721577726218097,8,314.5,reports/native-compute-20260908/run-29143/lane2
29143,lane2,gsm8k,8,512,native,native,"{""kind"": ""native""}",162.52306141659335,1.0,1.0,1.0,6.014319809069212,1.0,8,314.5,reports/native-compute-20260908/run-29143/lane2
29143,lane3,math500,8,512,duplicate,duplicate,"{""kind"": ""duplicate""}",193.65850198424238,1.0004768521391374,0.9996464582152268,1.0016344211975399,7.226694915254237,1.0,8,424.5,reports/native-compute-20260908/run-29143/lane3
29143,lane3,math500,8,512,fold_keep75_r0,folded_mlp,"{""fraction"": 0.75, ""kind"": ""folded_mlp"", ""layers"": [0, 1, 2], ""rank"": 0}",193.63703747872054,1.0003659623992232,0.9688757800013736,1.0266409853671499,7.209302325581396,0.9975932857444793,8,424.5,reports/native-compute-20260908/run-29143/lane3
29143,lane3,math500,8,512,fold_keep75_r256,folded_mlp,"{""fraction"": 0.75, ""kind"": ""folded_mlp"", ""layers"": [0, 1, 2], ""rank"": 256}",193.34146023404344,0.9988389538336888,0.9683053615545734,1.0241503692124512,7.19198312236287,0.9951967264014291,8,424.5,reports/native-compute-20260908/run-29143/lane3
29143,lane3,math500,8,512,fold_keep75_r64,folded_mlp,"{""fraction"": 0.75, ""kind"": ""folded_mlp"", ""layers"": [0, 1, 2], ""rank"": 64}",192.45046093363695,0.994235881073158,0.9656221868870835,1.01987762177133,7.161764705882353,0.9910152275510029,8,424.5,reports/native-compute-20260908/run-29143/lane3
29143,lane3,math500,8,512,fold_keep90_r256,folded_mlp,"{""fraction"": 0.9, ""kind"": ""folded_mlp"", ""layers"": [0, 1, 2], ""rank"": 256}",194.7733253850172,1.0062362430012488,0.9855042976817651,1.0310876498982167,7.253191489361702,1.0036664857750583,8,424.5,reports/native-compute-20260908/run-29143/lane3
29143,lane3,math500,8,512,native,native,"{""kind"": ""native""}",193.56619952793278,1.0,1.0,1.0,7.226694915254237,1.0,8,424.5,reports/native-compute-20260908/run-29143/lane3
29144,lane0,gsm8k,8,512,block12,block_size,"{""block_size"": 12, ""kind"": ""block_size""}",148.12937527192906,0.9104279575867581,0.8819022159054782,0.933907597371918,5.4225053078556265,0.9015990968220269,4,318.5,reports/native-compute-20260908/run-29144/lane0
29144,lane0,gsm8k,8,512,block24,block_size,"{""block_size"": 24, ""kind"": ""block_size""}",150.96075444589997,0.9278300883510299,0.8743445342596469,0.9683854679400343,5.602678571428571,0.9315564767573696,4,313.0,reports/native-compute-20260908/run-29144/lane0
29144,lane0,gsm8k,8,512,block4,block_size,"{""block_size"": 4, ""kind"": ""block_size""}",91.56618731025033,0.5627811279419844,0.5060067561491612,0.6147656314781893,3.2242268041237114,0.5360916789396172,1,312.75,reports/native-compute-20260908/run-29144/lane0
29144,lane0,gsm8k,8,512,block8,block_size,"{""block_size"": 8, ""kind"": ""block_size""}",130.3733078636359,0.8012961924954042,0.7465083527623457,0.8480287460169152,4.732838589981447,0.7869283211119946,4,318.5,reports/native-compute-20260908/run-29144/lane0
29144,lane0,gsm8k,8,512,duplicate,duplicate,"{""kind"": ""duplicate""}",162.62277493668975,0.9995068201084797,0.9973355074054161,1.0010413485241811,6.014319809069212,1.0,8,314.5,reports/native-compute-20260908/run-29144/lane0
29144,lane0,gsm8k,8,512,native,native,"{""kind"": ""native""}",162.7030167928617,1.0,1.0,1.0,6.014319809069212,1.0,8,314.5,reports/native-compute-20260908/run-29144/lane0
29144,lane1,math500,8,512,block12,block_size,"{""block_size"": 12, ""kind"": ""block_size""}",182.9013835536533,0.9444021277446412,0.8681397783229966,1.0292991187386205,6.754527162977867,0.9346633893068171,1,417.75,reports/native-compute-20260908/run-29144/lane1
29144,lane1,math500,8,512,block24,block_size,"{""block_size"": 24, ""kind"": ""block_size""}",192.15372404870345,0.9921761242031208,0.9567114381528105,1.043397870146654,7.208860759493671,0.9975321836649115,4,425.0,reports/native-compute-20260908/run-29144/lane1
29144,lane1,math500,8,512,block4,block_size,"{""block_size"": 4, ""kind"": ""block_size""}",98.78131645319804,0.5100523770092257,0.4450490838376199,0.5641194740194091,3.502092050209205,0.48460493922566544,2,417.875,reports/native-compute-20260908/run-29144/lane1
29144,lane1,math500,8,512,block8,block_size,"{""block_size"": 8, ""kind"": ""block_size""}",151.85866177191375,0.7841145895530025,0.7188467642571048,0.8349505818770497,5.553897180762853,0.7685252035532297,1,417.75,reports/native-compute-20260908/run-29144/lane1
29144,lane1,math500,8,512,duplicate,duplicate,"{""kind"": ""duplicate""}",193.58177473451053,0.9995497923514964,0.9986470004049038,1.0004888680408597,7.226694915254237,1.0,8,424.5,reports/native-compute-20260908/run-29144/lane1
29144,lane1,math500,8,512,native,native,"{""kind"": ""native""}",193.66896598427442,1.0,1.0,1.0,7.226694915254237,1.0,8,424.5,reports/native-compute-20260908/run-29144/lane1
29144,lane2,humaneval,8,512,block12,block_size,"{""block_size"": 12, ""kind"": ""block_size""}",157.19228268344895,0.93329292023903,0.8841267178793967,1.0084483425964386,5.917582417582418,0.9245623096514507,3,402.875,reports/native-compute-20260908/run-29144/lane2
29144,lane2,humaneval,8,512,block24,block_size,"{""block_size"": 24, ""kind"": ""block_size""}",157.76962977531662,0.9367207854252986,0.8920862591736504,0.9773193949953276,6.00750469043152,0.9386117539021045,1,399.25,reports/native-compute-20260908/run-29144/lane2
29144,lane2,humaneval,8,512,block4,block_size,"{""block_size"": 4, ""kind"": ""block_size""}",88.1830824134422,0.5235667113954704,0.4872190659936575,0.5728348331875824,3.289,0.5138729335494328,1,411.0,reports/native-compute-20260908/run-29144/lane2
29144,lane2,humaneval,8,512,block8,block_size,"{""block_size"": 8, ""kind"": ""block_size""}",135.07051330294792,0.8019500171808761,0.7543671405183269,0.8724932420931862,5.0390015600624025,0.7872929503890042,3,402.875,reports/native-compute-20260908/run-29144/lane2
29144,lane2,humaneval,8,512,duplicate,duplicate,"{""kind"": ""duplicate""}",169.77579717238183,1.0080046349858436,0.9977101834304208,1.0250835669142773,6.4004149377593365,1.0,8,384.75,reports/native-compute-20260908/run-29144/lane2
29144,lane2,humaneval,8,512,native,native,"{""kind"": ""native""}",168.4275957468848,1.0,1.0,1.0,6.4004149377593365,1.0,8,384.75,reports/native-compute-20260908/run-29144/lane2
29144,lane3,mtbench,8,512,block12,block_size,"{""block_size"": 12, ""kind"": ""block_size""}",56.05607470076627,0.9528551218445783,0.9165688565358477,0.9903351624289324,2.0300678952473326,0.9433401000219946,1,261.125,reports/native-compute-20260908/run-29144/lane3
29144,lane3,mtbench,8,512,block24,block_size,"{""block_size"": 24, ""kind"": ""block_size""}",56.44664631012277,0.9594941553553806,0.9363364419444045,0.9846251545832977,2.069811320754717,0.9618082345514484,1,273.625,reports/native-compute-20260908/run-29144/lane3
29144,lane3,mtbench,8,512,block4,block_size,"{""block_size"": 4, ""kind"": ""block_size""}",53.14334132283339,0.9033437542979481,0.84798786406254,0.954807562847011,1.8696785403996525,0.8688097306689835,1,268.625,reports/native-compute-20260908/run-29144/lane3
29144,lane3,mtbench,8,512,block8,block_size,"{""block_size"": 8, ""kind"": ""block_size""}",55.10638655422973,0.9367120861537461,0.8929580790708839,0.9798076038673782,1.9857685009487667,0.9227548796230328,1,261.125,reports/native-compute-20260908/run-29144/lane3
29144,lane3,mtbench,8,512,duplicate,duplicate,"{""kind"": ""duplicate""}",58.856631777614545,1.0004596886812298,0.9998801218418429,1.0011981523135383,2.152,1.0,8,268.25,reports/native-compute-20260908/run-29144/lane3
29144,lane3,mtbench,8,512,native,native,"{""kind"": ""native""}",58.82958848166811,1.0,1.0,1.0,2.152,1.0,8,268.25,reports/native-compute-20260908/run-29144/lane3
29147,lane0,gsm8k,8,512,duplicate,duplicate,"{""kind"": ""duplicate""}",162.3932228802214,1.0015294049611159,0.9980187455819195,1.006139707199573,6.014319809069212,1.0,8,314.5,reports/native-compute-20260908/run-29147/lane0
29147,lane0,gsm8k,8,512,native,native,"{""kind"": ""native""}",162.14523715010273,1.0,1.0,1.0,6.014319809069212,1.0,8,314.5,reports/native-compute-20260908/run-29147/lane0
29147,lane0,gsm8k,8,512,refine_prefix1,prefix_refine,"{""kind"": ""prefix_refine"", ""prefix"": 1}",137.03218595304517,0.8451200193206437,0.8123106245842918,0.871609776386499,5.878787878787879,0.9774651274651276,8,314.5,reports/native-compute-20260908/run-29147/lane0
29147,lane0,gsm8k,8,512,refine_prefix2,prefix_refine,"{""kind"": ""prefix_refine"", ""prefix"": 2}",127.61475670580059,0.7870398104118456,0.7518737536612538,0.8225783747149221,5.468546637744034,0.9092543814344248,8,314.5,reports/native-compute-20260908/run-29147/lane0
29147,lane0,gsm8k,8,512,refine_prefix4,prefix_refine,"{""kind"": ""prefix_refine"", ""prefix"": 4}",121.58775464733137,0.7498694182103783,0.7108301704877626,0.7794330701413339,5.202479338842975,0.8650154138790503,8,314.5,reports/native-compute-20260908/run-29147/lane0
29147,lane0,gsm8k,8,512,refine_prefix8,prefix_refine,"{""kind"": ""prefix_refine"", ""prefix"": 8}",130.0480577359427,0.8020467330505262,0.7810769795374839,0.8184459005535408,5.56858407079646,0.925887589549094,8,314.5,reports/native-compute-20260908/run-29147/lane0
29147,lane1,math500,8,512,duplicate,duplicate,"{""kind"": ""duplicate""}",193.31166325847414,1.000645733215338,0.9996526591113898,1.0023252327511971,7.226694915254237,1.0,8,424.5,reports/native-compute-20260908/run-29147/lane1
29147,lane1,math500,8,512,native,native,"{""kind"": ""native""}",193.18691605001192,1.0,1.0,1.0,7.226694915254237,1.0,8,424.5,reports/native-compute-20260908/run-29147/lane1
29147,lane1,math500,8,512,refine_prefix1,prefix_refine,"{""kind"": ""prefix_refine"", ""prefix"": 1}",161.54905726028514,0.8362318761714876,0.8073196065092478,0.8712614373507922,6.98155737704918,0.9660788865339235,8,424.5,reports/native-compute-20260908/run-29147/lane1
29147,lane1,math500,8,512,refine_prefix2,prefix_refine,"{""kind"": ""prefix_refine"", ""prefix"": 2}",152.28292459660153,0.7882672787073156,0.7579249175483732,0.818484402973063,6.600386100386101,0.9133339898511403,8,424.5,reports/native-compute-20260908/run-29147/lane1
29147,lane1,math500,8,512,refine_prefix4,prefix_refine,"{""kind"": ""prefix_refine"", ""prefix"": 4}",140.6921538299591,0.7282695780160233,0.6981807058323318,0.762709532943959,6.087344028520499,0.8423413607334141,8,424.5,reports/native-compute-20260908/run-29147/lane1
29147,lane1,math500,8,512,refine_prefix8,prefix_refine,"{""kind"": ""prefix_refine"", ""prefix"": 8}",152.73501414051734,0.7906074451800739,0.7585936269761193,0.8152836117956394,6.618217054263566,0.915801363122956,8,424.5,reports/native-compute-20260908/run-29147/lane1
29147,lane2,humaneval,8,512,duplicate,duplicate,"{""kind"": ""duplicate""}",171.74177059566128,0.9993391915167248,0.9973894212638008,1.0004892885846801,6.4004149377593365,1.0,8,384.75,reports/native-compute-20260908/run-29147/lane2
29147,lane2,humaneval,8,512,native,native,"{""kind"": ""native""}",171.8553340583031,1.0,1.0,1.0,6.4004149377593365,1.0,8,384.75,reports/native-compute-20260908/run-29147/lane2
29147,lane2,humaneval,8,512,refine_prefix1,prefix_refine,"{""kind"": ""prefix_refine"", ""prefix"": 1}",142.7671353513837,0.8307402044498018,0.7956667349406623,0.8723281528876746,6.155688622754491,0.9617639922747697,8,384.75,reports/native-compute-20260908/run-29147/lane2
29147,lane2,humaneval,8,512,refine_prefix2,prefix_refine,"{""kind"": ""prefix_refine"", ""prefix"": 2}",130.25922811833104,0.7579585983298005,0.7403959695114032,0.7763083774007963,5.6054545454545455,0.8757954913805804,8,384.75,reports/native-compute-20260908/run-29147/lane2
29147,lane2,humaneval,8,512,refine_prefix4,prefix_refine,"{""kind"": ""prefix_refine"", ""prefix"": 4}",126.83081724070352,0.7380091978854453,0.7151471806988179,0.7648694256490186,5.460176991150442,0.8530973451327433,8,384.75,reports/native-compute-20260908/run-29147/lane2
29147,lane2,humaneval,8,512,refine_prefix8,prefix_refine,"{""kind"": ""prefix_refine"", ""prefix"": 8}",134.76803060555613,0.7841946329104639,0.7666209646075152,0.8051753706743237,5.809792843691149,0.9077212806026365,8,384.75,reports/native-compute-20260908/run-29147/lane2
29147,lane3,mtbench,8,512,duplicate,duplicate,"{""kind"": ""duplicate""}",58.67968269434758,0.9996540187268276,0.9991692357344397,0.9999371666960866,2.152,1.0,8,268.25,reports/native-compute-20260908/run-29147/lane3
29147,lane3,mtbench,8,512,native,native,"{""kind"": ""native""}",58.699991792243075,1.0,1.0,1.0,2.152,1.0,8,268.25,reports/native-compute-20260908/run-29147/lane3
29147,lane3,mtbench,8,512,refine_prefix1,prefix_refine,"{""kind"": ""prefix_refine"", ""prefix"": 1}",49.84301561765377,0.8491145244800578,0.8299290813904324,0.8676216871008136,2.122167487684729,0.9861373084036845,8,268.25,reports/native-compute-20260908/run-29147/lane3
29147,lane3,mtbench,8,512,refine_prefix2,prefix_refine,"{""kind"": ""prefix_refine"", ""prefix"": 2}",49.91577996395593,0.8503541216943077,0.8285502682840913,0.8626342326086398,2.1203155818540433,0.9852767573671205,8,268.25,reports/native-compute-20260908/run-29147/lane3
29147,lane3,mtbench,8,512,refine_prefix4,prefix_refine,"{""kind"": ""prefix_refine"", ""prefix"": 4}",50.18006242666094,0.8548563789286934,0.8459448435569354,0.8602377286194924,2.134920634920635,0.992063492063492,8,268.25,reports/native-compute-20260908/run-29147/lane3
29147,lane3,mtbench,8,512,refine_prefix8,prefix_refine,"{""kind"": ""prefix_refine"", ""prefix"": 8}",50.371385865243774,0.8581157224608013,0.8517418782051988,0.8612566806120315,2.143426294820717,0.99601593625498,8,268.25,reports/native-compute-20260908/run-29147/lane3
